user_e67858b9,pass_c3e15e,<EOF>
user_26e4174e,pass_a86b81,<EOF>
user_399781b1,pass_90b54d,<EOF>
user_5fa71e68,pass_c1666c,<EOF>
user_59022414,pass_1e7c89,<EOF>
user_27b29628,pass_664191,<EOF>
user_9b0e64e8,pass_666e41,<EOF>
user_43aded4a,pass_bd9fe1,<EOF>
user_7e0207f3,pass_5ab68e,<EOF>
user_2f32e6c4,pass_062178,<EOF>
user_ca284c6c,pass_c5f171,<EOF>
user_c039c605,pass_2e08b5,<EOF>
user_fb779f0f,pass_b06c46,<EOF>
user_7fbc350f,pass_4618e0,<EOF>
user_ae9c012d,pass_12125a,<EOF>
user_7b56bbda,pass_726901,<EOF>
user_ae77b094,pass_29260b,<EOF>
user_5c737f09,pass_531362,<EOF>
user_b9d08ad9,pass_b50ef9,<EOF>
user_a6de46fe,pass_aff156,<EOF>
user_a30ad38f,pass_4cd2fb,NO_TOKEN
user_93748c32,pass_e7f43c,NO_TOKEN
user_ce913c2e,pass_8bbfad,NO_TOKEN
user_ff0e245d,pass_2505c8,NO_TOKEN
user_e71de5aa,pass_08d74f,NO_TOKEN
user_39ad8ae8,pass_8389b7,NO_TOKEN
user_2d646072,pass_2b9603,NO_TOKEN
user_52c453de,pass_522b9c,NO_TOKEN
user_a8d53ca2,pass_12c25b,NO_TOKEN
user_2cb64952,pass_7d0dfd,NO_TOKEN
user_72a263ff,pass_ddc7cd,NO_TOKEN
user_bcc93e9f,pass_14d90f,NO_TOKEN
user_93c636aa,pass_2dca04,NO_TOKEN
user_4efe18d5,pass_8cfbb9,NO_TOKEN
user_14757758,pass_707a22,NO_TOKEN
user_f07e0612,pass_67ea96,NO_TOKEN
user_baa8be25,pass_181137,NO_TOKEN
user_e4557372,pass_7c2af0,NO_TOKEN
user_19b11dc8,pass_1b2d00,NO_TOKEN
user_47e15f67,pass_a4f5fe,NO_TOKEN
user_5356356a,pass_4debbd,NO_TOKEN
user_07521812,pass_b7c2ff,NO_TOKEN
user_d3751a00,pass_ec44c6,NO_TOKEN
user_edf33ce2,pass_ce6abd,NO_TOKEN
user_4023e7ed,pass_609266,NO_TOKEN
user_78298f40,pass_4b2015,NO_TOKEN
user_194b7499,pass_1622d1,NO_TOKEN
user_3eb52678,pass_20ba32,NO_TOKEN
user_301cf523,pass_012180,NO_TOKEN
user_65b920c1,pass_b2e15d,NO_TOKEN
user_1444e0a7,pass_28b1ea,NO_TOKEN
user_9ebac261,pass_2470b6,NO_TOKEN
user_e3d951ee,pass_58dca1,NO_TOKEN
user_f18ce109,pass_03bf33,NO_TOKEN
user_d5b54ccc,pass_856998,NO_TOKEN
user_df100551,pass_d58c6f,NO_TOKEN
user_f161188c,pass_47ff71,NO_TOKEN
user_066902af,pass_f0feca,NO_TOKEN
user_e206f232,pass_5d2894,NO_TOKEN
user_b64ec230,pass_82cb8b,NO_TOKEN
user_3b5a102f,pass_f39316,NO_TOKEN
user_254f4c4d,pass_ede6d2,NO_TOKEN
user_e36583ed,pass_ef435d,NO_TOKEN
user_aaa1dd52,pass_ff1df4,NO_TOKEN
user_10749644,pass_f71b3a,NO_TOKEN
user_2e251f40,pass_df9908,NO_TOKEN
user_21e4d15b,pass_eab6c9,NO_TOKEN
user_f84024a4,pass_657928,NO_TOKEN
user_720d2943,pass_0287f0,NO_TOKEN
user_713b2e67,pass_593fc9,NO_TOKEN
user_048cf705,pass_a9b693,NO_TOKEN
user_4c272d29,pass_e4ac11,NO_TOKEN
user_9575e4fa,pass_e2a143,NO_TOKEN
user_5c87b5c8,pass_45eefa,NO_TOKEN
user_1036effa,pass_73d6c2,NO_TOKEN
user_316c463f,pass_fa158c,NO_TOKEN
user_0c9fe4e1,pass_6c9801,NO_TOKEN
user_45a579f1,pass_3add28,NO_TOKEN
user_fe93b420,pass_d819b5,NO_TOKEN
user_55e3ff0e,pass_85499e,NO_TOKEN
user_bf2dfef1,pass_b36e14,NO_TOKEN
user_d0b02a09,pass_bb567e,NO_TOKEN
user_94d29f99,pass_f5e88d,NO_TOKEN
user_dcdeea09,pass_438c06,NO_TOKEN
user_c9ce8dad,pass_a72637,NO_TOKEN
user_d67dabac,pass_7b7d5f,NO_TOKEN
user_6c904393,pass_958ce4,NO_TOKEN
user_844df5a4,pass_e0e9d8,NO_TOKEN
user_0cb6636f,pass_39087a,NO_TOKEN
user_dbd2fbeb,pass_428740,NO_TOKEN
user_912e0eea,pass_62ef2c,NO_TOKEN
user_73d57ca0,pass_a9290e,NO_TOKEN
user_b90a430a,pass_dcd1b4,NO_TOKEN
user_c3ee2533,pass_07867e,NO_TOKEN
user_2edb528d,pass_4ffe21,NO_TOKEN
user_fc912f59,pass_585993,NO_TOKEN
user_1600ddf5,pass_45ddd6,NO_TOKEN
user_29bc6489,pass_43a494,NO_TOKEN
user_4f9b16a4,pass_d7cfc5,NO_TOKEN
user_9163bc62,pass_b95f9c,NO_TOKEN
user_df1da7bd,pass_a8f6d2,NO_TOKEN
user_f2eefd08,pass_8e51c9,NO_TOKEN
user_97a6d366,pass_972c3c,NO_TOKEN
user_414fcf73,pass_5df43c,NO_TOKEN
user_b1712fef,pass_d545fa,NO_TOKEN
user_164d0e61,pass_b4dc93,NO_TOKEN
user_8ee78b95,pass_e0fa50,NO_TOKEN
user_bd354aad,pass_d10394,NO_TOKEN
user_5d5366a4,pass_aa5be5,NO_TOKEN
user_05502e73,pass_18e557,NO_TOKEN
user_1686f4e4,pass_609979,NO_TOKEN
user_ed4e294b,pass_e5185e,NO_TOKEN
user_5670a513,pass_c4c886,NO_TOKEN
user_333d7933,pass_ef0176,NO_TOKEN
user_530aaca1,pass_e7b753,NO_TOKEN
user_e13fe8cb,pass_aa8b2d,NO_TOKEN
user_b6f3c698,pass_539881,NO_TOKEN
user_1c6ae7f5,pass_a963c4,NO_TOKEN
user_fee627e7,pass_6c4f8f,NO_TOKEN
user_5c940ed8,pass_be27f0,NO_TOKEN
user_a24c7228,pass_a4ce18,NO_TOKEN
user_488dead1,pass_28f5cc,NO_TOKEN
user_5ff46125,pass_90483f,NO_TOKEN
user_726c0b43,pass_360ab1,NO_TOKEN
user_7d7282de,pass_208f15,NO_TOKEN
user_e3005fe8,pass_e197ab,NO_TOKEN
user_28ab6421,pass_5716da,NO_TOKEN
user_14aff4f9,pass_ea15e0,NO_TOKEN
user_ef8d52e4,pass_df051e,NO_TOKEN
user_f18ac914,pass_4335a4,NO_TOKEN
user_e21fd187,pass_a05fca,NO_TOKEN
user_dd0b89c2,pass_0011d6,NO_TOKEN
user_aa75b65b,pass_732889,NO_TOKEN
user_7286acc1,pass_146e08,NO_TOKEN
user_31e5bdcb,pass_cd8310,NO_TOKEN
user_5888bd77,pass_6b316e,NO_TOKEN
user_0acba474,pass_0b2f38,NO_TOKEN
user_8406f2ab,pass_114587,NO_TOKEN
user_e25f3c97,pass_48864b,NO_TOKEN
user_ac26fa18,pass_8a91f6,NO_TOKEN
user_8b5a4ae7,pass_78c431,NO_TOKEN
user_9e6ed4e0,pass_354f14,NO_TOKEN
user_dfff58e5,pass_58ef97,NO_TOKEN
user_9ba5bedb,pass_5eec3c,NO_TOKEN
user_6def190f,pass_880ec7,NO_TOKEN
user_074fb6c9,pass_063476,NO_TOKEN
user_0b10ec9e,pass_b8413e,NO_TOKEN
user_5f5a4b3c,pass_88c505,NO_TOKEN
user_c0c592e4,pass_d1a106,NO_TOKEN
user_d651ed2d,pass_4ac35a,NO_TOKEN
user_e242d8cf,pass_b0e616,NO_TOKEN
user_cbb83c2a,pass_d4a51d,NO_TOKEN
user_0d79d009,pass_cb4fc2,NO_TOKEN
user_2ed324fd,pass_bb1bd4,NO_TOKEN
user_4528a430,pass_74bd35,NO_TOKEN
user_14cad311,pass_fdb30b,NO_TOKEN
user_421de7fb,pass_19a89a,NO_TOKEN
user_7eb395fc,pass_7d5231,NO_TOKEN
user_686fdfe6,pass_567bef,NO_TOKEN
user_cb802bea,pass_b273f3,NO_TOKEN
user_e459f027,pass_9a4c98,NO_TOKEN
user_df54dc80,pass_f8bd39,NO_TOKEN
user_e48817ca,pass_058fed,NO_TOKEN
user_e687fa29,pass_4e7892,NO_TOKEN
user_697d24d9,pass_784004,NO_TOKEN
user_fddb47bf,pass_a84248,NO_TOKEN
user_4cfc9b96,pass_752b3d,NO_TOKEN
user_0d276a10,pass_41ab94,NO_TOKEN
user_9ae282c2,pass_256f34,NO_TOKEN
user_f4bed4b7,pass_cee960,NO_TOKEN
user_c8e2ad06,pass_f26159,NO_TOKEN
user_a0a4d8b6,pass_26e229,NO_TOKEN
user_09225e0a,pass_6d2372,NO_TOKEN
user_7667c985,pass_e5f6ce,NO_TOKEN
user_8a7fce90,pass_c759f6,NO_TOKEN
user_2b3ffe61,pass_450031,NO_TOKEN
user_d90a657a,pass_2b2437,NO_TOKEN
user_9b2d0daa,pass_b558f1,NO_TOKEN
user_588b3402,pass_a7fe13,NO_TOKEN
user_f316edde,pass_fffabd,NO_TOKEN
user_c66d6c78,pass_01701d,NO_TOKEN
user_dc874c87,pass_c024c7,NO_TOKEN
user_a11540b2,pass_e002c0,NO_TOKEN
user_16290aa8,pass_9b81cb,NO_TOKEN
user_a9ab2302,pass_ff381e,NO_TOKEN
user_d6c132aa,pass_7f470a,NO_TOKEN
user_86a1d217,pass_b57f69,NO_TOKEN
user_ec7fe533,pass_a3f4e9,NO_TOKEN
user_07ba5a68,pass_2247c0,NO_TOKEN
user_e9a4dfbe,pass_6a568a,NO_TOKEN
user_7853d9a0,pass_a0c63b,NO_TOKEN
user_b8e663d2,pass_51cbf4,NO_TOKEN
user_698ad3f4,pass_eed207,NO_TOKEN
user_1997187e,pass_213339,NO_TOKEN
user_c7e2bc70,pass_00df03,NO_TOKEN
user_e08cf658,pass_f14828,NO_TOKEN
user_00f9f8cd,pass_1b1d6f,NO_TOKEN
user_9b0eee22,pass_2af184,NO_TOKEN
user_ee85121b,pass_f9f52c,NO_TOKEN
user_3b12d1a4,pass_c2591e,NO_TOKEN
user_9609c696,pass_358105,NO_TOKEN
user_4c1c1d4e,pass_7bbefc,NO_TOKEN
user_3af7fe5d,pass_ec7f29,NO_TOKEN
user_973241e1,pass_d2709d,NO_TOKEN
user_0beda30c,pass_88fd49,NO_TOKEN
user_f6dc112e,pass_68ad2b,NO_TOKEN
user_58078dc6,pass_2b63af,NO_TOKEN
user_110bfd58,pass_7b739e,NO_TOKEN
user_47d0092b,pass_513e1c,NO_TOKEN
user_a0e0e906,pass_be699d,NO_TOKEN
user_393fdadc,pass_748d45,NO_TOKEN
user_e18f2272,pass_8b6f5b,NO_TOKEN
user_f56e246b,pass_d8b2b1,NO_TOKEN
user_5f87572e,pass_76c9b4,NO_TOKEN
user_f0abe1e1,pass_8b2e59,NO_TOKEN
user_f35944da,pass_e38e01,NO_TOKEN
user_5ea27bde,pass_654648,NO_TOKEN
user_931a71bb,pass_fcdfb4,NO_TOKEN
user_45280fff,pass_3a792f,NO_TOKEN
user_8feb3dca,pass_b0278d,NO_TOKEN
user_dd78a374,pass_4e0ab1,NO_TOKEN
user_f1b6558c,pass_8573ac,NO_TOKEN
user_b3cd260c,pass_045132,NO_TOKEN
user_5bfa0690,pass_3579aa,NO_TOKEN
user_1211c599,pass_e16419,NO_TOKEN
user_4927a5c9,pass_fba386,NO_TOKEN
user_bfcf0e24,pass_775235,NO_TOKEN
user_e322c747,pass_0ae846,NO_TOKEN
user_deba5a95,pass_b5b2fc,NO_TOKEN
user_26fe122e,pass_c979a3,NO_TOKEN
user_572d546d,pass_04546e,NO_TOKEN
user_c4de0862,pass_2fdb89,NO_TOKEN
user_cb5a2052,pass_d4f71c,NO_TOKEN
user_9c911920,pass_f21348,NO_TOKEN
user_c3cae851,pass_7a69a8,NO_TOKEN
user_fc8eae6f,pass_be27d7,NO_TOKEN
user_b8b91ec5,pass_832f32,NO_TOKEN
user_1ead1b80,pass_7af3aa,NO_TOKEN
user_f6181ba7,pass_f21cbe,NO_TOKEN
user_b12384cf,pass_d8bb05,NO_TOKEN
user_02af041b,pass_7b1b2d,NO_TOKEN
user_e927b379,pass_5e5fbd,NO_TOKEN
user_ecea7514,pass_cdff21,NO_TOKEN
user_9bcc7106,pass_dff06b,NO_TOKEN
user_4d42314c,pass_0dedc7,NO_TOKEN
user_2d92ec0e,pass_083f3e,NO_TOKEN
user_e45d856d,pass_9e1a39,NO_TOKEN
user_0450cae6,pass_19af0e,NO_TOKEN
user_1d8c83f3,pass_7e65e4,NO_TOKEN
user_360dd78d,pass_121b45,NO_TOKEN
user_4db1e2b5,pass_3c88a2,NO_TOKEN
user_6db96be2,pass_ed2d4b,NO_TOKEN
user_1e884c82,pass_4fba13,NO_TOKEN
user_298c3a79,pass_2c506e,NO_TOKEN
user_4a32a520,pass_2cf0d6,NO_TOKEN
user_de1ff546,pass_1ac3f4,NO_TOKEN
user_a540c2f1,pass_e74c57,NO_TOKEN
user_fec4a94d,pass_b4503b,NO_TOKEN
user_96526da6,pass_7c1158,NO_TOKEN
user_9517da91,pass_a3523a,NO_TOKEN
user_65228fbb,pass_ed18b0,[{token=eyJhbGciOiJIUzI1NiJ9.eyJzdWIiOiJ1c2VyXzI5M2NkODhhIiwidXNlcl9pZCI6ImQwNTk1NWFlLWJmMzctNDQzNy05NjU5LWU1NzhhNjRmNzE2OSIsImlhdCI6MTc2MTc3MjY0NSwiZXhwIjoxNzYxNzcyOTQ1fQ.mkpPUEvBQ1yxwSRMb7_WwdxkNsiNKQTQ66-bxbjmjlc}]
user_ed8a7b77,pass_d47850,[{token=eyJhbGciOiJIUzI1NiJ9.eyJzdWIiOiJ1c2VyXzI5M2NkODhhIiwidXNlcl9pZCI6ImQwNTk1NWFlLWJmMzctNDQzNy05NjU5LWU1NzhhNjRmNzE2OSIsImlhdCI6MTc2MTc3MjY0NSwiZXhwIjoxNzYxNzcyOTQ1fQ.mkpPUEvBQ1yxwSRMb7_WwdxkNsiNKQTQ66-bxbjmjlc}]
user_e5d4b14b,pass_1e1ff5,[{token=eyJhbGciOiJIUzI1NiJ9.eyJzdWIiOiJ1c2VyXzI5M2NkODhhIiwidXNlcl9pZCI6ImQwNTk1NWFlLWJmMzctNDQzNy05NjU5LWU1NzhhNjRmNzE2OSIsImlhdCI6MTc2MTc3MjY0NSwiZXhwIjoxNzYxNzcyOTQ1fQ.mkpPUEvBQ1yxwSRMb7_WwdxkNsiNKQTQ66-bxbjmjlc}]
user_4693aebd,pass_03c65d,[{token=eyJhbGciOiJIUzI1NiJ9.eyJzdWIiOiJ1c2VyXzI5M2NkODhhIiwidXNlcl9pZCI6ImQwNTk1NWFlLWJmMzctNDQzNy05NjU5LWU1NzhhNjRmNzE2OSIsImlhdCI6MTc2MTc3MjY0NSwiZXhwIjoxNzYxNzcyOTQ1fQ.mkpPUEvBQ1yxwSRMb7_WwdxkNsiNKQTQ66-bxbjmjlc}]
user_18bf3371,pass_6d4fa7,[{token=eyJhbGciOiJIUzI1NiJ9.eyJzdWIiOiJ1c2VyXzI5M2NkODhhIiwidXNlcl9pZCI6ImQwNTk1NWFlLWJmMzctNDQzNy05NjU5LWU1NzhhNjRmNzE2OSIsImlhdCI6MTc2MTc3MjY0NSwiZXhwIjoxNzYxNzcyOTQ1fQ.mkpPUEvBQ1yxwSRMb7_WwdxkNsiNKQTQ66-bxbjmjlc}]
user_b84ded3f,pass_990771,[{token=eyJhbGciOiJIUzI1NiJ9.eyJzdWIiOiJ1c2VyXzI5M2NkODhhIiwidXNlcl9pZCI6ImQwNTk1NWFlLWJmMzctNDQzNy05NjU5LWU1NzhhNjRmNzE2OSIsImlhdCI6MTc2MTc3MjY0NSwiZXhwIjoxNzYxNzcyOTQ1fQ.mkpPUEvBQ1yxwSRMb7_WwdxkNsiNKQTQ66-bxbjmjlc}]
user_245ae13b,pass_cdcccd,[{token=eyJhbGciOiJIUzI1NiJ9.eyJzdWIiOiJ1c2VyXzI5M2NkODhhIiwidXNlcl9pZCI6ImQwNTk1NWFlLWJmMzctNDQzNy05NjU5LWU1NzhhNjRmNzE2OSIsImlhdCI6MTc2MTc3MjY0NSwiZXhwIjoxNzYxNzcyOTQ1fQ.mkpPUEvBQ1yxwSRMb7_WwdxkNsiNKQTQ66-bxbjmjlc}]
user_42055566,pass_f0dfeb,[{token=eyJhbGciOiJIUzI1NiJ9.eyJzdWIiOiJ1c2VyXzI5M2NkODhhIiwidXNlcl9pZCI6ImQwNTk1NWFlLWJmMzctNDQzNy05NjU5LWU1NzhhNjRmNzE2OSIsImlhdCI6MTc2MTc3MjY0NSwiZXhwIjoxNzYxNzcyOTQ1fQ.mkpPUEvBQ1yxwSRMb7_WwdxkNsiNKQTQ66-bxbjmjlc}]
user_64d700bd,pass_068cf4,[{token=eyJhbGciOiJIUzI1NiJ9.eyJzdWIiOiJ1c2VyXzI5M2NkODhhIiwidXNlcl9pZCI6ImQwNTk1NWFlLWJmMzctNDQzNy05NjU5LWU1NzhhNjRmNzE2OSIsImlhdCI6MTc2MTc3MjY0NSwiZXhwIjoxNzYxNzcyOTQ1fQ.mkpPUEvBQ1yxwSRMb7_WwdxkNsiNKQTQ66-bxbjmjlc}]
user_b6f8be23,pass_5e1c13,[{token=eyJhbGciOiJIUzI1NiJ9.eyJzdWIiOiJ1c2VyXzI5M2NkODhhIiwidXNlcl9pZCI6ImQwNTk1NWFlLWJmMzctNDQzNy05NjU5LWU1NzhhNjRmNzE2OSIsImlhdCI6MTc2MTc3MjY0NSwiZXhwIjoxNzYxNzcyOTQ1fQ.mkpPUEvBQ1yxwSRMb7_WwdxkNsiNKQTQ66-bxbjmjlc}]
user_5bdce7ca,pass_aeb4cd,[{token=eyJhbGciOiJIUzI1NiJ9.eyJzdWIiOiJ1c2VyXzI5M2NkODhhIiwidXNlcl9pZCI6ImQwNTk1NWFlLWJmMzctNDQzNy05NjU5LWU1NzhhNjRmNzE2OSIsImlhdCI6MTc2MTc3MjY0NSwiZXhwIjoxNzYxNzcyOTQ1fQ.mkpPUEvBQ1yxwSRMb7_WwdxkNsiNKQTQ66-bxbjmjlc}]
user_3b5d89ab,pass_a423d5,[{token=eyJhbGciOiJIUzI1NiJ9.eyJzdWIiOiJ1c2VyXzI5M2NkODhhIiwidXNlcl9pZCI6ImQwNTk1NWFlLWJmMzctNDQzNy05NjU5LWU1NzhhNjRmNzE2OSIsImlhdCI6MTc2MTc3MjY0NSwiZXhwIjoxNzYxNzcyOTQ1fQ.mkpPUEvBQ1yxwSRMb7_WwdxkNsiNKQTQ66-bxbjmjlc}]
user_953fdcfe,pass_bfa957,[{token=eyJhbGciOiJIUzI1NiJ9.eyJzdWIiOiJ1c2VyXzI5M2NkODhhIiwidXNlcl9pZCI6ImQwNTk1NWFlLWJmMzctNDQzNy05NjU5LWU1NzhhNjRmNzE2OSIsImlhdCI6MTc2MTc3MjY0NSwiZXhwIjoxNzYxNzcyOTQ1fQ.mkpPUEvBQ1yxwSRMb7_WwdxkNsiNKQTQ66-bxbjmjlc}]
user_6e8430b8,pass_02f129,[{token=eyJhbGciOiJIUzI1NiJ9.eyJzdWIiOiJ1c2VyXzI5M2NkODhhIiwidXNlcl9pZCI6ImQwNTk1NWFlLWJmMzctNDQzNy05NjU5LWU1NzhhNjRmNzE2OSIsImlhdCI6MTc2MTc3MjY0NSwiZXhwIjoxNzYxNzcyOTQ1fQ.mkpPUEvBQ1yxwSRMb7_WwdxkNsiNKQTQ66-bxbjmjlc}]
user_ea756add,pass_d30cfd,[{token=eyJhbGciOiJIUzI1NiJ9.eyJzdWIiOiJ1c2VyXzI5M2NkODhhIiwidXNlcl9pZCI6ImQwNTk1NWFlLWJmMzctNDQzNy05NjU5LWU1NzhhNjRmNzE2OSIsImlhdCI6MTc2MTc3MjY0NSwiZXhwIjoxNzYxNzcyOTQ1fQ.mkpPUEvBQ1yxwSRMb7_WwdxkNsiNKQTQ66-bxbjmjlc}]
user_f3529398,pass_b79dcd,[{token=eyJhbGciOiJIUzI1NiJ9.eyJzdWIiOiJ1c2VyXzI5M2NkODhhIiwidXNlcl9pZCI6ImQwNTk1NWFlLWJmMzctNDQzNy05NjU5LWU1NzhhNjRmNzE2OSIsImlhdCI6MTc2MTc3MjY0NSwiZXhwIjoxNzYxNzcyOTQ1fQ.mkpPUEvBQ1yxwSRMb7_WwdxkNsiNKQTQ66-bxbjmjlc}]
user_68fd10f2,pass_402cf9,[{token=eyJhbGciOiJIUzI1NiJ9.eyJzdWIiOiJ1c2VyXzI5M2NkODhhIiwidXNlcl9pZCI6ImQwNTk1NWFlLWJmMzctNDQzNy05NjU5LWU1NzhhNjRmNzE2OSIsImlhdCI6MTc2MTc3MjY0NSwiZXhwIjoxNzYxNzcyOTQ1fQ.mkpPUEvBQ1yxwSRMb7_WwdxkNsiNKQTQ66-bxbjmjlc}]
user_046bbf8a,pass_d1d736,[{token=eyJhbGciOiJIUzI1NiJ9.eyJzdWIiOiJ1c2VyXzI5M2NkODhhIiwidXNlcl9pZCI6ImQwNTk1NWFlLWJmMzctNDQzNy05NjU5LWU1NzhhNjRmNzE2OSIsImlhdCI6MTc2MTc3MjY0NSwiZXhwIjoxNzYxNzcyOTQ1fQ.mkpPUEvBQ1yxwSRMb7_WwdxkNsiNKQTQ66-bxbjmjlc}]
user_81148602,pass_840dd4,[{token=eyJhbGciOiJIUzI1NiJ9.eyJzdWIiOiJ1c2VyXzI5M2NkODhhIiwidXNlcl9pZCI6ImQwNTk1NWFlLWJmMzctNDQzNy05NjU5LWU1NzhhNjRmNzE2OSIsImlhdCI6MTc2MTc3MjY0NSwiZXhwIjoxNzYxNzcyOTQ1fQ.mkpPUEvBQ1yxwSRMb7_WwdxkNsiNKQTQ66-bxbjmjlc}]
user_258fe9e9,pass_588ca1,[{token=eyJhbGciOiJIUzI1NiJ9.eyJzdWIiOiJ1c2VyXzI5M2NkODhhIiwidXNlcl9pZCI6ImQwNTk1NWFlLWJmMzctNDQzNy05NjU5LWU1NzhhNjRmNzE2OSIsImlhdCI6MTc2MTc3MjY0NSwiZXhwIjoxNzYxNzcyOTQ1fQ.mkpPUEvBQ1yxwSRMb7_WwdxkNsiNKQTQ66-bxbjmjlc}]
user_54fa4373,pass_5c5fe4,[]
user_019a1fd2,pass_cee2cb,[]
user_ab07961b,pass_46b249,[]
user_9b46376b,pass_6e44f4,[]
user_b55a57ce,pass_7ca5f7,[]
user_c713a640,pass_3a3ea4,[]
user_c4a6b347,pass_1bb84b,[]
user_a1befb59,pass_571804,[]
user_b8d42b53,pass_b6d1d9,[]
user_8a716fbd,pass_9ae712,[]
user_edf5c25f,pass_f7152a,[]
user_6b4ac8b4,pass_1ef0ef,[]
user_fa1acd48,pass_389471,[]
user_180e9a26,pass_4bf407,[]
user_b3669360,pass_753f8e,[]
user_39bad842,pass_b12949,[]
user_88a2ed44,pass_bf7f51,[]
user_9fb1797a,pass_9b6d2f,[]
user_8254c7f2,pass_2211e9,[]
user_58999124,pass_0a71f9,[]
user_46fe01d8,pass_9afddb,NO_TOKEN
user_1069fc7f,pass_3591a2,NO_TOKEN
user_16e451a4,pass_251c0e,NO_TOKEN
user_65f24124,pass_43d4d0,NO_TOKEN
user_03a737d9,pass_0e670a,NO_TOKEN
user_35117000,pass_f60389,NO_TOKEN
user_35099abe,pass_7851f0,NO_TOKEN
user_1f36f09e,pass_9155cf,NO_TOKEN
user_ec30ed1d,pass_d69716,NO_TOKEN
user_f7258e11,pass_66fcf1,NO_TOKEN
user_9793e8d5,pass_f9f839,NO_TOKEN
user_6ff7ffc8,pass_ff1494,NO_TOKEN
user_7f106f7d,pass_b82132,NO_TOKEN
user_31870e90,pass_e3c5a6,NO_TOKEN
user_f7ce1e84,pass_aba431,NO_TOKEN
user_2df3d0ff,pass_98b659,NO_TOKEN
user_90592267,pass_dba8fa,NO_TOKEN
user_930f164b,pass_8bbf7d,NO_TOKEN
user_c4ea9933,pass_cabb64,NO_TOKEN
user_77953ec8,pass_ef2e54,NO_TOKEN
user_1ddad85c,pass_9b4eec,NO_TOKEN
user_5677ee4f,pass_320417,NO_TOKEN
user_245c1a7f,pass_33d735,NO_TOKEN
user_383be28d,pass_0871ef,NO_TOKEN
user_531ee8e2,pass_5b92dd,NO_TOKEN
user_95e48dbd,pass_803352,NO_TOKEN
user_eb950690,pass_e1d624,NO_TOKEN
user_b81230d0,pass_8072ec,NO_TOKEN
user_b808e5e2,pass_6f686b,NO_TOKEN
user_05c13aff,pass_428b82,NO_TOKEN
user_554be411,pass_45424f,NO_TOKEN
user_e90fb3ec,pass_06e354,NO_TOKEN
user_8a42c1df,pass_b27a73,NO_TOKEN
user_57be9d3a,pass_b89615,NO_TOKEN
user_202af977,pass_95206e,NO_TOKEN
user_7653339d,pass_d4d7c5,NO_TOKEN
user_3b0c12f0,pass_6f4330,NO_TOKEN
user_632ad3c4,pass_d7432f,NO_TOKEN
user_dcb05e9d,pass_d86e81,NO_TOKEN
user_d505531b,pass_7b1732,NO_TOKEN
